{"stats":{"minecraft:killed_by":{"minecraft:player":1},"minecraft:mined":{"minecraft:tall_grass":2,"minecraft:grass":14},"minecraft:picked_up":{"minecraft:wheat_seeds":10},"minecraft:custom":{"minecraft:jump":185,"minecraft:leave_game":1,"minecraft:time_since_rest":386,"minecraft:damage_dealt":160,"minecraft:play_one_minute":6011,"minecraft:deaths":1,"minecraft:damage_taken":201,"minecraft:sprint_one_cm":36119,"minecraft:walk_on_water_one_cm":1311,"minecraft:time_since_death":0,"minecraft:walk_one_cm":11849,"minecraft:sneak_time":20,"minecraft:fall_one_cm":4671,"minecraft:fly_one_cm":49015}},"DataVersion":2586}