{"stats":{"minecraft:crafted":{"minecraft:oak_planks":12,"minecraft:dark_oak_planks":132,"minecraft:crafting_table":1,"minecraft:stick":4,"minecraft:wooden_axe":1},"minecraft:mined":{"minecraft:oak_log":3,"minecraft:sand":1,"minecraft:dark_oak_leaves":1,"minecraft:dark_oak_log":1,"minecraft:oak_leaves":6},"minecraft:picked_up":{"minecraft:dark_oak_sapling":4,"minecraft:stick":2,"minecraft:rotten_flesh":3,"minecraft:sand":12,"minecraft:oak_log":3,"minecraft:oak_sapling":1,"minecraft:spider_eye":1,"minecraft:dark_oak_log":33},"minecraft:custom":{"minecraft:time_since_rest":15880,"minecraft:crouch_one_cm":6,"minecraft:play_time":15880,"minecraft:sprint_one_cm":24873,"minecraft:damage_taken":458,"minecraft:walk_one_cm":40834,"minecraft:sneak_time":66,"minecraft:mob_kills":1,"minecraft:jump":241,"minecraft:damage_dealt":374,"minecraft:walk_on_water_one_cm":293,"minecraft:time_since_death":15880,"minecraft:leave_game":2,"minecraft:total_world_time":15880,"minecraft:interact_with_crafting_table":2,"minecraft:fall_one_cm":8127,"minecraft:fly_one_cm":29290},"minecraft:broken":{"minecraft:wooden_axe":1},"minecraft:killed":{"minecraft:spider":1},"minecraft:used":{"minecraft:dark_oak_planks":39,"minecraft:wooden_axe":15,"minecraft:crafting_table":1,"alexsmobs:animal_dictionary":2}},"DataVersion":3465}