{"stats":{"minecraft:crafted":{"minecraft:oak_planks":12,"minecraft:dark_oak_planks":32,"minecraft:crafting_table":1,"minecraft:stick":4,"minecraft:wooden_axe":1},"minecraft:mined":{"minecraft:oak_log":3,"minecraft:dark_oak_leaves":1,"minecraft:dark_oak_log":1,"minecraft:oak_leaves":5},"minecraft:picked_up":{"minecraft:oak_log":3,"minecraft:oak_sapling":1,"minecraft:dark_oak_log":33},"minecraft:custom":{"minecraft:time_since_rest":6862,"minecraft:crouch_one_cm":6,"minecraft:play_time":6862,"minecraft:sprint_one_cm":17125,"minecraft:damage_taken":30,"minecraft:walk_one_cm":9137,"minecraft:sneak_time":63,"minecraft:jump":100,"minecraft:damage_dealt":10,"minecraft:time_since_death":6862,"minecraft:leave_game":1,"minecraft:total_world_time":6862,"minecraft:interact_with_crafting_table":2,"minecraft:fall_one_cm":3355,"minecraft:fly_one_cm":15081},"minecraft:used":{"minecraft:wooden_axe":2,"minecraft:crafting_table":1,"alexsmobs:animal_dictionary":1}},"DataVersion":3465}