{"stats":{"minecraft:killed_by":{"minecraft:zombie":1,"minecraft:player":2},"minecraft:used":{"minecraft:sand":1},"minecraft:mined":{"minecraft:grass":41,"minecraft:dead_bush":15,"minecraft:tall_grass":13},"minecraft:picked_up":{"minecraft:stick":14,"minecraft:wheat_seeds":15,"minecraft:sand":1},"minecraft:custom":{"minecraft:time_since_rest":199,"minecraft:play_one_minute":16234,"minecraft:sprint_one_cm":86364,"minecraft:deaths":3,"minecraft:damage_taken":663,"minecraft:walk_one_cm":41174,"minecraft:sneak_time":124,"minecraft:walk_under_water_one_cm":2739,"minecraft:jump":660,"minecraft:damage_dealt":396,"minecraft:leave_game":2,"minecraft:walk_on_water_one_cm":4572,"minecraft:time_since_death":0,"minecraft:swim_one_cm":19109,"minecraft:fall_one_cm":17710,"minecraft:fly_one_cm":164643,"minecraft:player_kills":2}},"DataVersion":2586}