{"stats":{"minecraft:used":{"minecraft:dirt":1,"minecraft:porkchop":1},"minecraft:mined":{"minecraft:tall_grass":5,"minecraft:grass":5},"minecraft:dropped":{"minecraft:wheat_seeds":2},"minecraft:picked_up":{"minecraft:porkchop":3,"minecraft:wheat_seeds":2,"minecraft:dirt":1},"minecraft:custom":{"minecraft:jump":129,"minecraft:time_since_rest":4735,"minecraft:crouch_one_cm":601,"minecraft:play_one_minute":4735,"minecraft:sprint_one_cm":11475,"minecraft:damage_taken":21,"minecraft:time_since_death":4735,"minecraft:walk_one_cm":7881,"minecraft:sneak_time":98,"minecraft:drop":2,"minecraft:fall_one_cm":2926,"minecraft:fly_one_cm":34205}},"DataVersion":2586}