{"stats":{"minecraft:killed_by":{"minecraft:witch":1,"minecraft:player":1},"minecraft:used":{"minecraft:sand":3,"minecraft:dirt":6,"minecraft:porkchop":3,"minecraft:egg":1},"minecraft:mined":{"minecraft:grass":17,"minecraft:tall_seagrass":1,"minecraft:grass_block":1,"minecraft:sand":6,"minecraft:packed_ice":1,"minecraft:tall_grass":6},"minecraft:dropped":{"minecraft:wheat_seeds":4},"minecraft:picked_up":{"minecraft:wheat_seeds":6,"minecraft:porkchop":3,"minecraft:sand":3,"minecraft:dirt":8,"minecraft:egg":1},"minecraft:custom":{"minecraft:open_chest":1,"minecraft:time_since_rest":550,"minecraft:play_one_minute":17134,"minecraft:crouch_one_cm":971,"minecraft:sprint_one_cm":57305,"minecraft:deaths":2,"minecraft:damage_taken":487,"minecraft:walk_one_cm":49244,"minecraft:sneak_time":135,"minecraft:walk_under_water_one_cm":3660,"minecraft:drop":4,"minecraft:jump":711,"minecraft:damage_dealt":769,"minecraft:leave_game":1,"minecraft:time_since_death":520,"minecraft:walk_on_water_one_cm":6247,"minecraft:swim_one_cm":6425,"minecraft:player_kills":1,"minecraft:talked_to_villager":1,"minecraft:fall_one_cm":17401,"minecraft:fly_one_cm":184000}},"DataVersion":2586}