{"stats":{"minecraft:crafted":{"minecraft:oak_planks":76,"minecraft:crafting_table":1,"minecraft:stick":4,"minecraft:wooden_axe":1},"minecraft:mined":{"minecraft:grass":1,"minecraft:oak_log":6,"minecraft:dark_oak_leaves":4,"minecraft:oak_leaves":1,"minecraft:crafting_table":1},"minecraft:picked_up":{"minecraft:crafting_table":1,"minecraft:oak_log":19},"minecraft:custom":{"minecraft:time_since_rest":12108,"minecraft:crouch_one_cm":1142,"minecraft:play_time":12108,"minecraft:sprint_one_cm":12390,"minecraft:damage_taken":160,"minecraft:walk_one_cm":12265,"minecraft:sneak_time":422,"minecraft:jump":101,"minecraft:damage_dealt":23,"minecraft:walk_on_water_one_cm":557,"minecraft:leave_game":1,"minecraft:time_since_death":12108,"minecraft:total_world_time":12108,"minecraft:interact_with_crafting_table":4,"minecraft:fall_one_cm":3785,"minecraft:fly_one_cm":26516},"minecraft:used":{"minecraft:wooden_axe":6,"minecraft:crafting_table":1,"minecraft:oak_planks":3}},"DataVersion":3465}