{"stats":{"minecraft:mined":{"minecraft:oak_leaves":1,"minecraft:dark_oak_leaves":4},"minecraft:custom":{"minecraft:jump":37,"minecraft:time_since_rest":6108,"minecraft:damage_dealt":10,"minecraft:crouch_one_cm":149,"minecraft:sprint_one_cm":4429,"minecraft:leave_game":1,"minecraft:play_time":6108,"minecraft:damage_taken":10,"minecraft:time_since_death":6108,"minecraft:walk_one_cm":4606,"minecraft:sneak_time":13,"minecraft:total_world_time":6108,"minecraft:fall_one_cm":1788,"minecraft:fly_one_cm":7368}},"DataVersion":3465}