{"stats":{"minecraft:mined":{"minecraft:grass":5,"minecraft:grass_block":2,"croptopia:sweetpotato_crop":1,"minecraft:oak_leaves":1},"minecraft:picked_up":{"croptopia:sweetpotato":1,"croptopia:sweetpotato_seed":1,"minecraft:dirt":2},"minecraft:custom":{"minecraft:jump":169,"minecraft:time_since_rest":522,"minecraft:damage_dealt":10,"minecraft:leave_game":2,"minecraft:play_time":8550,"minecraft:sprint_one_cm":22832,"minecraft:time_since_death":8550,"minecraft:walk_one_cm":24551,"minecraft:total_world_time":8550,"minecraft:fall_one_cm":6026,"minecraft:fly_one_cm":43762},"minecraft:used":{"alexsmobs:animal_dictionary":7,"croptopia:sweetpotato":1}},"DataVersion":3465}