{"stats":{"minecraft:mined":{"minecraft:grass":5,"minecraft:grass_block":1,"croptopia:sweetpotato_crop":1,"minecraft:oak_leaves":1},"minecraft:picked_up":{"croptopia:sweetpotato":1,"croptopia:sweetpotato_seed":1,"minecraft:dirt":1},"minecraft:custom":{"minecraft:jump":129,"minecraft:time_since_rest":7007,"minecraft:damage_dealt":10,"minecraft:leave_game":1,"minecraft:play_time":7007,"minecraft:sprint_one_cm":15953,"minecraft:time_since_death":7007,"minecraft:walk_one_cm":22584,"minecraft:total_world_time":7007,"minecraft:fall_one_cm":5399,"minecraft:fly_one_cm":35595},"minecraft:used":{"croptopia:sweetpotato":1,"alexsmobs:animal_dictionary":7}},"DataVersion":3465}