{"stats":{"minecraft:killed_by":{"minecraft:player":1,"minecraft:zombie":1},"minecraft:used":{"minecraft:wheat_seeds":1,"minecraft:chicken":1,"minecraft:bread":1,"minecraft:white_wool":2,"minecraft:light_gray_wool":1,"minecraft:dirt":3,"minecraft:mutton":4,"minecraft:beef":2,"minecraft:egg":1},"minecraft:killed":{"minecraft:sheep":2,"minecraft:pig":1,"minecraft:chicken":1,"minecraft:cow":1},"minecraft:mined":{"minecraft:kelp_plant":1,"minecraft:wheat":2,"minecraft:light_gray_wool":1,"minecraft:grass":60,"minecraft:grass_block":4,"minecraft:poppy":1,"minecraft:dead_bush":1,"minecraft:sand":10,"minecraft:tall_grass":12,"minecraft:white_wool":1},"minecraft:dropped":{"minecraft:poppy":2,"minecraft:wheat_seeds":4,"minecraft:leather":2},"minecraft:picked_up":{"minecraft:stick":2,"minecraft:chicken":1,"minecraft:leather":3,"minecraft:sand":10,"minecraft:dirt":3,"minecraft:wheat_seeds":18,"minecraft:beef":2,"minecraft:poppy":2,"minecraft:light_gray_wool":2,"minecraft:mutton":4,"minecraft:white_wool":2,"minecraft:egg":1},"minecraft:custom":{"minecraft:time_since_rest":140,"minecraft:sprint_one_cm":117108,"minecraft:damage_taken":538,"minecraft:walk_one_cm":55644,"minecraft:mob_kills":5,"minecraft:drop":8,"minecraft:damage_dealt":683,"minecraft:swim_one_cm":18886,"minecraft:fly_one_cm":98485,"minecraft:player_kills":1,"minecraft:open_chest":1,"minecraft:crouch_one_cm":125,"minecraft:play_one_minute":15933,"minecraft:deaths":2,"minecraft:sneak_time":97,"minecraft:walk_under_water_one_cm":3670,"minecraft:jump":393,"minecraft:leave_game":1,"minecraft:time_since_death":0,"minecraft:walk_on_water_one_cm":4081,"minecraft:fall_one_cm":13770}},"DataVersion":2586}