{"stats":{"minecraft:used":{"minecraft:light_gray_wool":1,"minecraft:white_wool":1,"minecraft:dirt":3},"minecraft:killed":{"minecraft:sheep":2,"minecraft:pig":1},"minecraft:mined":{"minecraft:grass_block":4,"minecraft:grass":29,"minecraft:tall_grass":8,"minecraft:light_gray_wool":1,"minecraft:white_wool":1},"minecraft:dropped":{"minecraft:wheat_seeds":1},"minecraft:picked_up":{"minecraft:wheat_seeds":1,"minecraft:light_gray_wool":2,"minecraft:mutton":4,"minecraft:dirt":3,"minecraft:white_wool":2},"minecraft:custom":{"minecraft:time_since_rest":4608,"minecraft:play_one_minute":4608,"minecraft:crouch_one_cm":125,"minecraft:sprint_one_cm":21677,"minecraft:damage_taken":72,"minecraft:walk_one_cm":25978,"minecraft:sneak_time":56,"minecraft:mob_kills":3,"minecraft:drop":1,"minecraft:jump":88,"minecraft:damage_dealt":355,"minecraft:time_since_death":4608,"minecraft:fall_one_cm":1882,"minecraft:fly_one_cm":20236}},"DataVersion":2586}