[
  {
    "uuid": "e58bde8e-98bc-459f-a376-efb81199c9d1",
    "displayName": {
      "insertion": "JokerVencha",
      "clickEvent": {
        "action": "suggest_command",
        "value": "/tell JokerVencha "
      },
      "hoverEvent": {
        "action": "show_entity",
        "contents": {
          "type": "minecraft:player",
          "id": "e58bde8e-98bc-459f-a376-efb81199c9d1",
          "name": {
            "text": "JokerVencha"
          }
        }
      },
      "extra": [
        {
          "text": "JokerVencha"
        }
      ],
      "text": ""
    },
    "animation": "null"
  },
  {
    "uuid": "ba531d51-9604-4be1-9d78-fe8ecc0cbd48",
    "displayName": {
      "insertion": "Goutzx",
      "clickEvent": {
        "action": "suggest_command",
        "value": "/tell Goutzx "
      },
      "hoverEvent": {
        "action": "show_entity",
        "contents": {
          "type": "minecraft:player",
          "id": "ba531d51-9604-4be1-9d78-fe8ecc0cbd48",
          "name": {
            "text": "Goutzx"
          }
        }
      },
      "extra": [
        {
          "text": "Goutzx"
        }
      ],
      "text": ""
    },
    "animation": "null"
  }
]