[
  {
    "uuid": "e58bde8e-98bc-459f-a376-efb81199c9d1",
    "displayName": {
      "insertion": "JokerVencha",
      "clickEvent": {
        "action": "suggest_command",
        "value": "/tell JokerVencha "
      },
      "hoverEvent": {
        "action": "show_entity",
        "contents": {
          "type": "minecraft:player",
          "id": "e58bde8e-98bc-459f-a376-efb81199c9d1",
          "name": {
            "text": "JokerVencha"
          }
        }
      },
      "extra": [
        {
          "text": "JokerVencha"
        }
      ],
      "text": ""
    },
    "animation": "null"
  },
  {
    "uuid": "e5bceb8a-705e-46f4-b2f0-d918844c2daa",
    "displayName": {
      "insertion": "gvCarlosJv",
      "clickEvent": {
        "action": "suggest_command",
        "value": "/tell gvCarlosJv "
      },
      "hoverEvent": {
        "action": "show_entity",
        "contents": {
          "type": "minecraft:player",
          "id": "e5bceb8a-705e-46f4-b2f0-d918844c2daa",
          "name": {
            "text": "gvCarlosJv"
          }
        }
      },
      "extra": [
        {
          "text": "gvCarlosJv"
        }
      ],
      "text": ""
    },
    "animation": "null"
  },
  {
    "uuid": "4ee24862-5800-4953-8dd0-8f83d27d5f07",
    "displayName": {
      "insertion": "xSaux2005",
      "clickEvent": {
        "action": "suggest_command",
        "value": "/tell xSaux2005 "
      },
      "hoverEvent": {
        "action": "show_entity",
        "contents": {
          "type": "minecraft:player",
          "id": "4ee24862-5800-4953-8dd0-8f83d27d5f07",
          "name": {
            "text": "xSaux2005"
          }
        }
      },
      "extra": [
        {
          "text": "xSaux2005"
        }
      ],
      "text": ""
    },
    "animation": "null"
  }
]